Index,Company
AEX,ABN Amro
AEX,Adyen B.V. Parts Sociales
AEX,Ahold Delhaize
AEX,Akzo Nobel
AEX,ArcelorMittal
AEX,ASML NV
AEX,ASR Nederland N.V
AEX,Heineken
AEX,IMCD
AEX,ING Group
AEX,KPN
AEX,NN Group
AEX,Philips
AEX,Randstad
AEX,RELX
AEX,Shell
AEX,Wolters Kluwer
BEL_20,AB InBev SA-NV (Anheuser-Busch InBev)
BEL_20,Ackermans & van Haaren S.A.
BEL_20,ageas NV
BEL_20,Ahold Delhaize (Ahold)
BEL_20,Cofinimmo S.A.
BEL_20,D'Ieteren NV
BEL_20,Elia System Operator SA-NV
BEL_20,Engie (ex GDF Suez)
BEL_20,Etablissementen Franz Colruyt NV
BEL_20,Groupe Bruxelles Lambert S.A. (GBL)
BEL_20,KBC Groep N.V.
BEL_20,NV Bekaert SA
BEL_20,Proximus (ex Belgacom)
BEL_20,Solvay S.A.
BEL_20,Telenet Group Holding N.V.
BEL_20,ThromboGenics NV
BEL_20,UCB S.A.
CAC_40,Air Liquide
CAC_40,Airbus
CAC_40,ArcelorMittal
CAC_40,AXA
CAC_40,BNP Paribas
CAC_40,Bouygues
CAC_40,Cap Gemini
CAC_40,Carrefour
CAC_40,Crédit Agricole
CAC_40,Danone
CAC_40,Engie
CAC_40,EssilorLuxottica
CAC_40,Eurofins Scientific
CAC_40,Hermès
CAC_40,Kering
CAC_40,LEGRAND
CAC_40,L'Oréal
CAC_40,LVMH Moet Hennessy Louis Vuitton
CAC_40,Michelin
CAC_40,Orange
CAC_40,Pernod Ricard
CAC_40,Publicis
CAC_40,Renault
CAC_40,SAFRAN
CAC_40,Saint-Gobain
CAC_40,Sanofi
CAC_40,Schneider Electric
CAC_40,Société Générale
CAC_40,SR.Teleperformance
CAC_40,Stellantis
CAC_40,STMicroelectronics
CAC_40,TotalEnergies
CAC_40,Unibail-Rodamco
CAC_40,Veolia Environnement
CAC_40,VINCI
CAC_40,Vivendi
,CRH plc
,Kerry Group plc
,Kingspan Group plc
OBX,Aker Solutions ASA
OBX,BW LPG Ltd
OBX,Det Norske Oljeselskap ASA
OBX,DNO International ASA (A)
OBX,Equinor
OBX,Gjensidige Forsikring ASA
OBX,Mowi
OBX,Nordic Semiconductor ASA
OBX,Norsk Hydro ASA
OBX,Norwegian Air Shuttle
OBX,Orkla AS
OBX,Otello Corporation ASA
OBX,Petroleum Geo-Services ASA
OBX,REC Silicon ASA
OBX,Royal Caribbean Cruises Ltd.
OBX,Schibsted ASA
OBX,Storebrand AsaShs
OBX,Subsea 7 S.A.
OBX,Telenor ASA
OBX,TGS-Nopec Geophysical Company ASAShs
OBX,Yara International ASA
OSEBX,ABG Sundal Collier ASAShs
OSEBX,Af Gruppen Asa (A)
OSEBX,Aker ASAShs -A-
OSEBX,Aker Solutions ASA
OSEBX,American Shipping Company ASA
OSEBX,Atea ASA
OSEBX,Avance Gas Holding Ltd
OSEBX,Bakkafrost
OSEBX,Biotec Pharmacon ASAShs
OSEBX,BW LPG Ltd
OSEBX,Det Norske Oljeselskap ASA
OSEBX,DNO International ASA (A)
OSEBX,Entra ASA Unitary 144A-Reg S
OSEBX,Equinor
OSEBX,Gjensidige Forsikring ASA
OSEBX,Golden Ocean Group Ltd
OSEBX,Kongsberg Automotive Holding ASA
OSEBX,Kongsberg Gruppen ASA
OSEBX,Mowi
OSEBX,Nordic Nanovector ASA
OSEBX,Nordic Semiconductor ASA
OSEBX,Norsk Hydro ASA
OSEBX,Norwegian Air Shuttle
OSEBX,Norwegian Property ASShs
OSEBX,Olav Thon Eiendomsselkap Asa
OSEBX,Orkla AS
OSEBX,Otello Corporation ASA
OSEBX,Petroleum Geo-Services ASA
OSEBX,Photocure ASAshs
OSEBX,Q-Free ASA
OSEBX,REC Silicon ASA
OSEBX,Royal Caribbean Cruises Ltd.
OSEBX,SalMar ASAShs
OSEBX,Scatec Solar ASA
OSEBX,Schibsted ASA
OSEBX,Schibsted ASA (B)
OSEBX,Stolt-Nielsen Ltd
OSEBX,Storebrand AsaShs
OSEBX,Subsea 7 S.A.
OSEBX,Telenor ASA
OSEBX,TGS-Nopec Geophysical Company ASAShs
OSEBX,Veidekke ASA
OSEBX,Wilh. Wilhelmsen ASA Oppstartsfase 1
OSEBX,Wilh. Wilhelmsen Holding ASA (A)
OSEBX,Wilh. Wilhelmsen Holding ASA (B)
OSEBX,XXL ASA
OSEBX,Yara International ASA
PSI_20,ALTRI SGPS SAShs
PSI_20,Cofina SGPS SA
PSI_20,"EDP Renovaveis, SA"
PSI_20,GALP Energia
PSI_20,Grupo EDP S.A. (Electricidade de Portugal S.A.)
PSI_20,Jeronimo Martins SGPS S.A.
PSI_20,Mota-Engil SGPS SA
PSI_20,"NOS SGPS, SA"
PSI_20,Portugal Telecom S.A.
PSI_20,"REN - Redes Energeticas Nacionais SGPS, SAShs"
PSI_20,Sociedade de Investimento e Gestao SGPS SA SEMAPA
PSI_20,Sonae SGPS SA
PSI_20,Sonaecom SGPS SA
PSI_20,The Navigator Company
MIB,A2A S.p.A.
MIB,Amplifon S.p.A. Post Frazionamento
MIB,Assicurazioni Generali S.p.A.
MIB,Atlantia S.p.A.
MIB,Azimut Holding S.p.A.
MIB,Banca Popolare dell`Emilia Romagna S.c.a r.l.
MIB,Buzzi Unicem S.p.A.
MIB,CNH Industrial N.V. Reg. Shs
MIB,DiaSorin S.p.A.Az.
MIB,Enel S.p.A.
MIB,Eni S.p.A.
MIB,EXOR Holding N.V. Registered Shs
MIB,Ferrari N.V.
MIB,FinecoBank S.P.A
MIB,HERA SpaAz.
MIB,Intesa Sanpaolo S.p.A.
MIB,Italgas S.p.A. Nominative Az.
MIB,Juventus Football Club S.p.A.
MIB,Leonardo S.p.a.
MIB,Mediobanca - Banca di Credito Finanziario S.p.A.
MIB,Moncler S.p.A.
MIB,Nexi Capital
MIB,Pirelli
MIB,Poste Italiane SPA
MIB,Prysmian S.p.A.Az.
MIB,Recordati Industria Chimica e Farmaceutica SPAAz. Post raggruppamento
MIB,Salvatore Ferragamo S.p.A.
MIB,SNAM S.p.A.
MIB,Stellantis
MIB,STMicroelectronics N.V.
MIB,Tenaris SAReg.Shs
MIB,TERNA - Trasmissione Elettricita Rete Nazionale S.p.A.
MIB,TIM (ex Telecom Italia)
MIB,UniCredit S.p.A.
MIB,Unipol Gruppo Finanziario SpA Az.ordinaria post raggruppamento
MIB,UnipolSai S.p.A. (or UnipolSai Assicurazioni S.p.A.) post raggruppamento
